2001010101,タイトル01,2001-01-01,本文本文本文本文本文本文本文本文本文本文
2002020201,タイトル02,2002-02-02,本文本文本文本文本文本文本文本文本文本文
2003030301,タイトル03,2003-03-03,本文本文本文本文本文本文本文本文本文本文
2004040401,タイトル04,2004-04-04,本文本文本文本文本文本文本文本文本文本文
2005050501,タイトル05,2005-05-05,本文本文本文本文本文本文本文本文本文本文
2006060601,タイトル06,2006-06-06,本文本文本文本文本文本文本文本文本文本文
2007070701,タイトル07,2007-07-07,本文本文本文本文本文本文本文本文本文本文
2008080801,タイトル08,2008-08-08,本文本文本文本文本文本文本文本文本文本文
2009090901,タイトル09,2009-09-09,本文本文本文本文本文本文本文本文本文本文
2010101001,タイトル10,2010-10-10,本文本文本文本文本文本文本文本文本文本文
2011111101,タイトル11,2011-11-11,本文本文本文本文本文本文本文本文本文本文
2012121201,タイトル12,2012-12-12,本文本文本文本文本文本文本文本文本文本文
2012121202,タイトル13,2012-12-12,本文本文本文本文本文本文本文本文本文本文
2012121203,タイトル14,2012-12-12,本文本文本文本文本文本文本文本文本文本文
